Applicable At,Applicable For,Data Item,DemandActualNTSD,IndustrialOfftakeTotal,InterconnectorExportsTotal,LDZOfftakeTotal,PowerstationsTotal,StorageInjectionTotal,,??export???????????
31/12/2021 00:00,31/12/2021,"Demand Actual, NTS, D+1 (Energy)",1.89E+09,4.13E+07,9.14E+08,1.36E+09,2.17E+08,2.72E+08,,
30/12/2021 00:00,30/12/2021,"Demand Actual, NTS, D+1 (Energy)",2.04E+09,4.32E+07,7.90E+08,1.47E+09,2.00E+08,3.35E+08,,
29/12/2021 00:00,29/12/2021,"Demand Actual, NTS, D+1 (Energy)",2.18E+09,4.34E+07,7.85E+08,1.75E+09,2.28E+08,1.61E+08,,
28/12/2021 00:00,28/12/2021,"Demand Actual, NTS, D+1 (Energy)",2.47E+09,4.78E+07,5.54E+08,1.82E+09,4.70E+08,1.30E+08,,
27/12/2021 00:00,27/12/2021,"Demand Actual, NTS, D+1 (Energy)",2.55E+09,5.65E+07,5.11E+08,1.89E+09,4.96E+08,1.10E+08,,
26/12/2021 00:00,26/12/2021,"Demand Actual, NTS, D+1 (Energy)",2.66E+09,4.84E+07,3.96E+08,1.99E+09,3.81E+08,2.46E+08,,
25/12/2021 00:00,25/12/2021,"Demand Actual, NTS, D+1 (Energy)",2.54E+09,4.37E+07,4.09E+08,1.97E+09,2.16E+08,3.12E+08,,
24/12/2021 00:00,24/12/2021,"Demand Actual, NTS, D+1 (Energy)",2.77E+09,5.56E+07,2.76E+08,1.94E+09,4.91E+08,2.81E+08,,
23/12/2021 00:00,23/12/2021,"Demand Actual, NTS, D+1 (Energy)",2.97E+09,5.75E+07,2.06E+08,2.17E+09,6.79E+08,6.35E+07,,
22/12/2021 00:00,22/12/2021,"Demand Actual, NTS, D+1 (Energy)",3.55E+09,6.04E+07,1.85E+08,2.66E+09,8.25E+08,0.00E+00,,
21/12/2021 00:00,21/12/2021,"Demand Actual, NTS, D+1 (Energy)",3.53E+09,7.09E+07,2.03E+08,2.54E+09,9.23E+08,0.00E+00,,
20/12/2021 00:00,20/12/2021,"Demand Actual, NTS, D+1 (Energy)",3.40E+09,7.31E+07,2.27E+08,2.37E+09,9.59E+08,0.00E+00,,
19/12/2021 00:00,19/12/2021,"Demand Actual, NTS, D+1 (Energy)",3.17E+09,6.31E+07,1.95E+08,2.25E+09,8.49E+08,0.00E+00,,
18/12/2021 00:00,18/12/2021,"Demand Actual, NTS, D+1 (Energy)",3.00E+09,5.90E+07,1.98E+08,2.07E+09,8.33E+08,3.61E+07,,
17/12/2021 00:00,17/12/2021,"Demand Actual, NTS, D+1 (Energy)",3.13E+09,6.40E+07,2.01E+08,2.10E+09,8.85E+08,7.61E+07,,
16/12/2021 00:00,16/12/2021,"Demand Actual, NTS, D+1 (Energy)",2.90E+09,7.01E+07,2.17E+08,1.93E+09,9.05E+08,3.67E+05,,
15/12/2021 00:00,15/12/2021,"Demand Actual, NTS, D+1 (Energy)",2.78E+09,6.13E+07,1.99E+08,1.82E+09,7.23E+08,1.82E+08,,
14/12/2021 00:00,14/12/2021,"Demand Actual, NTS, D+1 (Energy)",2.75E+09,5.53E+07,2.24E+08,1.88E+09,6.17E+08,2.00E+08,,
13/12/2021 00:00,13/12/2021,"Demand Actual, NTS, D+1 (Energy)",2.78E+09,5.49E+07,2.17E+08,1.94E+09,7.36E+08,4.26E+07,,
12/12/2021 00:00,12/12/2021,"Demand Actual, NTS, D+1 (Energy)",2.52E+09,4.95E+07,2.09E+08,1.72E+09,3.66E+08,3.88E+08,,
11/12/2021 00:00,11/12/2021,"Demand Actual, NTS, D+1 (Energy)",2.80E+09,5.46E+07,1.54E+08,2.24E+09,4.99E+08,8.80E+06,,
10/12/2021 00:00,10/12/2021,"Demand Actual, NTS, D+1 (Energy)",3.20E+09,5.25E+07,2.09E+08,2.47E+09,6.78E+08,0.00E+00,,
09/12/2021 00:00,09/12/2021,"Demand Actual, NTS, D+1 (Energy)",3.26E+09,5.97E+07,2.02E+08,2.42E+09,7.31E+08,4.69E+07,,
08/12/2021 00:00,08/12/2021,"Demand Actual, NTS, D+1 (Energy)",3.27E+09,5.94E+07,1.80E+08,2.55E+09,6.59E+08,2.27E+05,,
07/12/2021 00:00,07/12/2021,"Demand Actual, NTS, D+1 (Energy)",3.36E+09,5.76E+07,1.74E+08,2.64E+09,6.59E+08,0.00E+00,,
06/12/2021 00:00,06/12/2021,"Demand Actual, NTS, D+1 (Energy)",3.44E+09,6.22E+07,1.85E+08,2.61E+09,7.61E+08,1.10E+07,,
05/12/2021 00:00,05/12/2021,"Demand Actual, NTS, D+1 (Energy)",3.11E+09,5.72E+07,1.86E+08,2.37E+09,6.37E+08,5.05E+07,,
04/12/2021 00:00,04/12/2021,"Demand Actual, NTS, D+1 (Energy)",3.00E+09,4.48E+07,1.81E+08,2.24E+09,4.43E+08,2.74E+08,,
03/12/2021 00:00,03/12/2021,"Demand Actual, NTS, D+1 (Energy)",3.27E+09,6.37E+07,2.13E+08,2.39E+09,7.39E+08,7.58E+07,,
02/12/2021 00:00,02/12/2021,"Demand Actual, NTS, D+1 (Energy)",3.54E+09,6.60E+07,2.39E+08,2.69E+09,7.46E+08,3.04E+07,,
01/12/2021 00:00,01/12/2021,"Demand Actual, NTS, D+1 (Energy)",3.06E+09,5.33E+07,1.79E+08,2.28E+09,5.40E+08,1.86E+08,,
30/11/2021 00:00,30/11/2021,"Demand Actual, NTS, D+1 (Energy)",2.89E+09,5.41E+07,1.83E+08,2.12E+09,5.62E+08,1.47E+08,,
29/11/2021 00:00,29/11/2021,"Demand Actual, NTS, D+1 (Energy)",3.66E+09,8.13E+07,2.09E+08,2.85E+09,7.37E+08,0.00E+00,,
28/11/2021 00:00,28/11/2021,"Demand Actual, NTS, D+1 (Energy)",3.50E+09,7.02E+07,1.88E+08,2.72E+09,7.10E+08,0.00E+00,,
27/11/2021 00:00,27/11/2021,"Demand Actual, NTS, D+1 (Energy)",3.19E+09,6.62E+07,1.74E+08,2.63E+09,4.94E+08,3.31E+06,,
26/11/2021 00:00,26/11/2021,"Demand Actual, NTS, D+1 (Energy)",3.02E+09,6.13E+07,1.55E+08,2.40E+09,4.96E+08,6.35E+07,,
25/11/2021 00:00,25/11/2021,"Demand Actual, NTS, D+1 (Energy)",3.06E+09,6.89E+07,2.10E+08,2.34E+09,6.41E+08,6.39E+06,,
24/11/2021 00:00,24/11/2021,"Demand Actual, NTS, D+1 (Energy)",3.10E+09,8.20E+07,2.11E+08,2.22E+09,8.02E+08,2.94E+06,,
23/11/2021 00:00,23/11/2021,"Demand Actual, NTS, D+1 (Energy)",3.20E+09,8.73E+07,2.34E+08,2.25E+09,8.62E+08,4.55E+06,,
22/11/2021 00:00,22/11/2021,"Demand Actual, NTS, D+1 (Energy)",3.10E+09,7.99E+07,2.45E+08,2.26E+09,7.62E+08,2.51E+06,,
21/11/2021 00:00,21/11/2021,"Demand Actual, NTS, D+1 (Energy)",2.36E+09,5.99E+07,1.49E+08,1.94E+09,3.61E+08,0.00E+00,,
20/11/2021 00:00,20/11/2021,"Demand Actual, NTS, D+1 (Energy)",2.18E+09,5.95E+07,1.38E+08,1.54E+09,4.31E+08,1.43E+08,,
19/11/2021 00:00,19/11/2021,"Demand Actual, NTS, D+1 (Energy)",2.18E+09,6.53E+07,2.98E+08,1.51E+09,5.73E+08,3.75E+07,,
18/11/2021 00:00,18/11/2021,"Demand Actual, NTS, D+1 (Energy)",2.28E+09,6.30E+07,2.90E+08,1.66E+09,4.68E+08,9.11E+07,,
17/11/2021 00:00,17/11/2021,"Demand Actual, NTS, D+1 (Energy)",2.36E+09,6.28E+07,2.43E+08,1.75E+09,4.81E+08,7.20E+07,,
16/11/2021 00:00,16/11/2021,"Demand Actual, NTS, D+1 (Energy)",2.44E+09,7.18E+07,2.01E+08,1.71E+09,6.38E+08,2.52E+07,,
15/11/2021 00:00,15/11/2021,"Demand Actual, NTS, D+1 (Energy)",2.58E+09,8.45E+07,2.69E+08,1.69E+09,8.00E+08,7.26E+06,,
14/11/2021 00:00,14/11/2021,"Demand Actual, NTS, D+1 (Energy)",2.26E+09,6.82E+07,3.83E+08,1.49E+09,5.83E+08,1.12E+08,,
13/11/2021 00:00,13/11/2021,"Demand Actual, NTS, D+1 (Energy)",2.10E+09,6.48E+07,5.11E+08,1.44E+09,5.38E+08,6.04E+07,,
12/11/2021 00:00,12/11/2021,"Demand Actual, NTS, D+1 (Energy)",1.98E+09,6.52E+07,7.63E+08,1.51E+09,3.66E+08,3.82E+07,,
11/11/2021 00:00,11/11/2021,"Demand Actual, NTS, D+1 (Energy)",2.26E+09,7.76E+07,5.36E+08,1.50E+09,6.76E+08,2.92E+06,,
10/11/2021 00:00,10/11/2021,"Demand Actual, NTS, D+1 (Energy)",2.47E+09,8.39E+07,3.86E+08,1.54E+09,8.56E+08,0.00E+00,,
09/11/2021 00:00,09/11/2021,"Demand Actual, NTS, D+1 (Energy)",2.20E+09,7.45E+07,3.47E+08,1.44E+09,6.51E+08,2.97E+07,,
08/11/2021 00:00,08/11/2021,"Demand Actual, NTS, D+1 (Energy)",2.61E+09,7.56E+07,1.79E+08,1.79E+09,6.77E+08,6.11E+07,,
07/11/2021 00:00,07/11/2021,"Demand Actual, NTS, D+1 (Energy)",2.25E+09,6.10E+07,4.42E+08,1.64E+09,3.18E+08,2.37E+08,,
06/11/2021 00:00,06/11/2021,"Demand Actual, NTS, D+1 (Energy)",2.22E+09,5.81E+07,3.86E+08,1.57E+09,2.38E+08,3.48E+08,,
05/11/2021 00:00,05/11/2021,"Demand Actual, NTS, D+1 (Energy)",2.68E+09,7.50E+07,1.66E+08,1.99E+09,6.15E+08,0.00E+00,,
04/11/2021 00:00,04/11/2021,"Demand Actual, NTS, D+1 (Energy)",2.68E+09,7.43E+07,1.72E+08,2.04E+09,5.68E+08,0.00E+00,,
03/11/2021 00:00,03/11/2021,"Demand Actual, NTS, D+1 (Energy)",2.76E+09,8.12E+07,1.66E+08,1.99E+09,6.90E+08,0.00E+00,,
02/11/2021 00:00,02/11/2021,"Demand Actual, NTS, D+1 (Energy)",2.76E+09,8.90E+07,1.83E+08,1.84E+09,8.33E+08,2.00E+06,,
01/11/2021 00:00,01/11/2021,"Demand Actual, NTS, D+1 (Energy)",2.31E+09,6.78E+07,4.11E+08,1.69E+09,4.20E+08,1.25E+08,,
31/10/2021 01:00,31/10/2021,"Demand Actual, NTS, D+1 (Energy)",1.87E+09,5.77E+07,5.94E+08,1.45E+09,2.21E+08,1.48E+08,,
30/10/2021 01:00,30/10/2021,"Demand Actual, NTS, D+1 (Energy)",1.89E+09,6.64E+07,6.04E+08,1.33E+09,3.28E+08,1.74E+08,,
29/10/2021 01:00,29/10/2021,"Demand Actual, NTS, D+1 (Energy)",1.84E+09,7.42E+07,5.13E+08,1.23E+09,4.05E+08,1.33E+08,,
28/10/2021 01:00,28/10/2021,"Demand Actual, NTS, D+1 (Energy)",1.65E+09,7.42E+07,7.09E+08,1.15E+09,3.97E+08,3.29E+07,,
27/10/2021 01:00,27/10/2021,"Demand Actual, NTS, D+1 (Energy)",1.71E+09,7.32E+07,6.82E+08,1.11E+09,3.60E+08,1.68E+08,,
26/10/2021 01:00,26/10/2021,"Demand Actual, NTS, D+1 (Energy)",1.78E+09,6.87E+07,6.65E+08,1.27E+09,4.11E+08,2.94E+07,,
25/10/2021 01:00,25/10/2021,"Demand Actual, NTS, D+1 (Energy)",1.86E+09,6.63E+07,6.88E+08,1.28E+09,5.10E+08,6.99E+06,,
24/10/2021 01:00,24/10/2021,"Demand Actual, NTS, D+1 (Energy)",1.72E+09,6.41E+07,4.90E+08,1.24E+09,2.28E+08,1.86E+08,,
23/10/2021 01:00,23/10/2021,"Demand Actual, NTS, D+1 (Energy)",1.79E+09,6.49E+07,4.67E+08,1.33E+09,3.92E+08,0.00E+00,,
22/10/2021 01:00,22/10/2021,"Demand Actual, NTS, D+1 (Energy)",2.26E+09,6.74E+07,5.05E+08,1.57E+09,6.25E+08,0.00E+00,,
21/10/2021 01:00,21/10/2021,"Demand Actual, NTS, D+1 (Energy)",1.89E+09,6.44E+07,6.58E+08,1.49E+09,3.36E+08,0.00E+00,,
20/10/2021 01:00,20/10/2021,"Demand Actual, NTS, D+1 (Energy)",1.59E+09,6.29E+07,7.01E+08,1.08E+09,4.21E+08,2.01E+07,,
19/10/2021 01:00,19/10/2021,"Demand Actual, NTS, D+1 (Energy)",1.53E+09,6.04E+07,8.03E+08,9.30E+08,3.75E+08,1.63E+08,,
18/10/2021 01:00,18/10/2021,"Demand Actual, NTS, D+1 (Energy)",1.74E+09,6.17E+07,6.72E+08,1.15E+09,5.19E+08,1.56E+07,,
17/10/2021 01:00,17/10/2021,"Demand Actual, NTS, D+1 (Energy)",1.76E+09,6.31E+07,6.10E+08,1.08E+09,4.64E+08,1.52E+08,,
16/10/2021 01:00,16/10/2021,"Demand Actual, NTS, D+1 (Energy)",1.93E+09,6.53E+07,4.73E+08,1.20E+09,6.26E+08,3.78E+07,,
15/10/2021 01:00,15/10/2021,"Demand Actual, NTS, D+1 (Energy)",2.06E+09,6.70E+07,5.25E+08,1.21E+09,7.51E+08,3.50E+07,,
14/10/2021 01:00,14/10/2021,"Demand Actual, NTS, D+1 (Energy)",1.65E+09,6.25E+07,6.67E+08,1.13E+09,4.50E+08,1.46E+07,,
13/10/2021 01:00,13/10/2021,"Demand Actual, NTS, D+1 (Energy)",1.98E+09,6.38E+07,3.49E+08,1.18E+09,6.56E+08,8.26E+07,,
12/10/2021 01:00,12/10/2021,"Demand Actual, NTS, D+1 (Energy)",2.03E+09,6.79E+07,2.67E+08,1.22E+09,7.02E+08,3.80E+07,,
11/10/2021 01:00,11/10/2021,"Demand Actual, NTS, D+1 (Energy)",1.88E+09,6.18E+07,3.83E+08,1.16E+09,6.34E+08,1.98E+07,,
10/10/2021 01:00,10/10/2021,"Demand Actual, NTS, D+1 (Energy)",1.67E+09,6.12E+07,5.04E+08,9.45E+08,4.44E+08,2.19E+08,,
09/10/2021 01:00,09/10/2021,"Demand Actual, NTS, D+1 (Energy)",1.69E+09,6.65E+07,4.94E+08,8.60E+08,6.09E+08,1.59E+08,,
08/10/2021 01:00,08/10/2021,"Demand Actual, NTS, D+1 (Energy)",1.68E+09,6.47E+07,5.60E+08,8.81E+08,6.75E+08,6.18E+07,,
07/10/2021 01:00,07/10/2021,"Demand Actual, NTS, D+1 (Energy)",1.68E+09,6.65E+07,4.69E+08,9.79E+08,5.68E+08,6.76E+07,,
06/10/2021 01:00,06/10/2021,"Demand Actual, NTS, D+1 (Energy)",1.84E+09,6.79E+07,3.98E+08,1.19E+09,5.59E+08,2.44E+07,,
05/10/2021 01:00,05/10/2021,"Demand Actual, NTS, D+1 (Energy)",1.71E+09,6.26E+07,5.59E+08,1.25E+09,3.76E+08,2.01E+07,,
04/10/2021 01:00,04/10/2021,"Demand Actual, NTS, D+1 (Energy)",1.76E+09,6.47E+07,5.06E+08,1.16E+09,5.11E+08,2.66E+07,,
03/10/2021 01:00,03/10/2021,"Demand Actual, NTS, D+1 (Energy)",1.60E+09,5.75E+07,6.67E+08,1.09E+09,2.20E+08,2.32E+08,,
02/10/2021 01:00,02/10/2021,"Demand Actual, NTS, D+1 (Energy)",1.78E+09,5.84E+07,6.46E+08,1.19E+09,3.45E+08,1.85E+08,,
01/10/2021 01:00,01/10/2021,"Demand Actual, NTS, D+1 (Energy)",1.42E+09,6.09E+07,8.55E+08,9.77E+08,3.05E+08,7.32E+07,,
30/09/2021 01:00,30/09/2021,"Demand Actual, NTS, D+1 (Energy)",1.66E+09,5.88E+07,8.62E+08,1.15E+09,3.92E+08,5.19E+07,,
29/09/2021 01:00,29/09/2021,"Demand Actual, NTS, D+1 (Energy)",1.57E+09,5.87E+07,8.49E+08,1.03E+09,4.26E+08,5.20E+07,,
28/09/2021 01:00,28/09/2021,"Demand Actual, NTS, D+1 (Energy)",1.55E+09,5.90E+07,7.23E+08,9.44E+08,5.22E+08,2.65E+07,,
27/09/2021 01:00,27/09/2021,"Demand Actual, NTS, D+1 (Energy)",1.25E+09,5.37E+07,7.91E+08,7.35E+08,3.35E+08,1.26E+08,,
26/09/2021 01:00,26/09/2021,"Demand Actual, NTS, D+1 (Energy)",1.25E+09,5.31E+07,7.93E+08,5.80E+08,2.99E+08,3.15E+08,,
25/09/2021 01:00,25/09/2021,"Demand Actual, NTS, D+1 (Energy)",1.47E+09,5.23E+07,5.58E+08,6.12E+08,5.62E+08,2.48E+08,,
24/09/2021 01:00,24/09/2021,"Demand Actual, NTS, D+1 (Energy)",1.38E+09,4.86E+07,4.68E+08,6.63E+08,4.15E+08,2.56E+08,,
23/09/2021 01:00,23/09/2021,"Demand Actual, NTS, D+1 (Energy)",1.42E+09,4.39E+07,1.92E+08,7.29E+08,4.56E+08,1.92E+08,,
22/09/2021 01:00,22/09/2021,"Demand Actual, NTS, D+1 (Energy)",1.36E+09,4.02E+07,2.09E+08,7.08E+08,4.59E+08,1.57E+08,,
21/09/2021 01:00,21/09/2021,"Demand Actual, NTS, D+1 (Energy)",1.45E+09,3.95E+07,1.57E+08,7.12E+08,6.45E+08,5.65E+07,,
20/09/2021 01:00,20/09/2021,"Demand Actual, NTS, D+1 (Energy)",1.43E+09,4.05E+07,1.45E+08,7.06E+08,6.64E+08,2.26E+07,,
19/09/2021 01:00,19/09/2021,"Demand Actual, NTS, D+1 (Energy)",1.43E+09,3.83E+07,1.14E+08,6.08E+08,6.42E+08,1.44E+08,,
18/09/2021 01:00,18/09/2021,"Demand Actual, NTS, D+1 (Energy)",1.40E+09,3.80E+07,1.25E+08,5.80E+08,6.03E+08,1.79E+08,,
17/09/2021 01:00,17/09/2021,"Demand Actual, NTS, D+1 (Energy)",1.51E+09,3.94E+07,1.38E+08,6.34E+08,6.56E+08,1.81E+08,,
16/09/2021 01:00,16/09/2021,"Demand Actual, NTS, D+1 (Energy)",1.68E+09,4.77E+07,2.28E+08,6.56E+08,6.82E+08,2.97E+08,,
15/09/2021 01:00,15/09/2021,"Demand Actual, NTS, D+1 (Energy)",1.64E+09,6.80E+07,1.75E+08,7.01E+08,7.73E+08,9.40E+07,,
14/09/2021 01:00,14/09/2021,"Demand Actual, NTS, D+1 (Energy)",1.60E+09,7.25E+07,1.55E+08,7.68E+08,7.44E+08,1.41E+07,,
13/09/2021 01:00,13/09/2021,"Demand Actual, NTS, D+1 (Energy)",1.51E+09,7.53E+07,4.06E+08,6.92E+08,7.19E+08,2.54E+07,,
12/09/2021 01:00,12/09/2021,"Demand Actual, NTS, D+1 (Energy)",1.42E+09,7.24E+07,1.43E+08,6.05E+08,6.33E+08,1.07E+08,,
11/09/2021 01:00,11/09/2021,"Demand Actual, NTS, D+1 (Energy)",1.34E+09,6.69E+07,2.16E+08,5.37E+08,5.13E+08,2.23E+08,,
10/09/2021 01:00,10/09/2021,"Demand Actual, NTS, D+1 (Energy)",1.45E+09,6.91E+07,1.85E+08,6.01E+08,6.76E+08,1.06E+08,,
09/09/2021 01:00,09/09/2021,"Demand Actual, NTS, D+1 (Energy)",1.45E+09,7.33E+07,1.39E+08,6.33E+08,7.13E+08,2.85E+07,,
08/09/2021 01:00,08/09/2021,"Demand Actual, NTS, D+1 (Energy)",1.36E+09,6.86E+07,1.35E+08,5.98E+08,6.65E+08,2.93E+07,,
07/09/2021 01:00,07/09/2021,"Demand Actual, NTS, D+1 (Energy)",1.45E+09,7.14E+07,1.32E+08,5.87E+08,6.85E+08,1.08E+08,,
06/09/2021 01:00,06/09/2021,"Demand Actual, NTS, D+1 (Energy)",1.38E+09,6.94E+07,1.40E+08,6.09E+08,6.69E+08,3.15E+07,,
05/09/2021 01:00,05/09/2021,"Demand Actual, NTS, D+1 (Energy)",1.37E+09,6.47E+07,1.05E+08,5.89E+08,5.56E+08,1.61E+08,,
04/09/2021 01:00,04/09/2021,"Demand Actual, NTS, D+1 (Energy)",1.34E+09,6.44E+07,1.10E+08,6.50E+08,5.42E+08,8.77E+07,,
03/09/2021 01:00,03/09/2021,"Demand Actual, NTS, D+1 (Energy)",1.50E+09,6.72E+07,1.48E+08,7.37E+08,6.61E+08,3.34E+07,,
02/09/2021 01:00,02/09/2021,"Demand Actual, NTS, D+1 (Energy)",1.58E+09,6.58E+07,1.54E+08,7.75E+08,6.93E+08,4.88E+07,,
01/09/2021 01:00,01/09/2021,"Demand Actual, NTS, D+1 (Energy)",1.61E+09,6.61E+07,1.46E+08,7.91E+08,6.46E+08,1.07E+08,,
31/08/2021 01:00,31/08/2021,"Demand Actual, NTS, D+1 (Energy)",1.61E+09,6.37E+07,2.22E+08,7.72E+08,5.67E+08,2.04E+08,,
30/08/2021 01:00,30/08/2021,"Demand Actual, NTS, D+1 (Energy)",1.47E+09,5.90E+07,2.13E+08,7.02E+08,4.31E+08,2.75E+08,,
29/08/2021 01:00,29/08/2021,"Demand Actual, NTS, D+1 (Energy)",1.50E+09,5.82E+07,1.68E+08,6.11E+08,3.63E+08,4.63E+08,,
28/08/2021 01:00,28/08/2021,"Demand Actual, NTS, D+1 (Energy)",1.40E+09,5.76E+07,1.87E+08,5.77E+08,4.15E+08,3.46E+08,,
27/08/2021 01:00,27/08/2021,"Demand Actual, NTS, D+1 (Energy)",1.49E+09,7.22E+07,1.65E+08,6.55E+08,5.59E+08,2.08E+08,,
26/08/2021 01:00,26/08/2021,"Demand Actual, NTS, D+1 (Energy)",1.47E+09,7.41E+07,1.75E+08,6.33E+08,4.67E+08,2.92E+08,,
25/08/2021 01:00,25/08/2021,"Demand Actual, NTS, D+1 (Energy)",1.46E+09,7.57E+07,1.73E+08,6.30E+08,5.57E+08,1.97E+08,,
24/08/2021 01:00,24/08/2021,"Demand Actual, NTS, D+1 (Energy)",1.57E+09,7.59E+07,1.64E+08,6.28E+08,6.04E+08,2.61E+08,,
23/08/2021 01:00,23/08/2021,"Demand Actual, NTS, D+1 (Energy)",1.47E+09,8.09E+07,1.56E+08,6.27E+08,6.27E+08,1.34E+08,,
22/08/2021 01:00,22/08/2021,"Demand Actual, NTS, D+1 (Energy)",1.40E+09,8.15E+07,1.33E+08,5.75E+08,5.40E+08,2.09E+08,,
21/08/2021 01:00,21/08/2021,"Demand Actual, NTS, D+1 (Energy)",1.43E+09,7.59E+07,1.43E+08,5.78E+08,5.88E+08,1.88E+08,,
20/08/2021 01:00,20/08/2021,"Demand Actual, NTS, D+1 (Energy)",1.39E+09,7.35E+07,1.36E+08,6.27E+08,6.11E+08,7.99E+07,,
19/08/2021 01:00,19/08/2021,"Demand Actual, NTS, D+1 (Energy)",1.56E+09,7.98E+07,1.65E+08,6.75E+08,6.77E+08,1.31E+08,,
18/08/2021 01:00,18/08/2021,"Demand Actual, NTS, D+1 (Energy)",1.38E+09,6.97E+07,2.41E+08,6.66E+08,5.41E+08,9.81E+07,,
17/08/2021 01:00,17/08/2021,"Demand Actual, NTS, D+1 (Energy)",1.38E+09,6.47E+07,3.01E+08,6.81E+08,4.33E+08,1.99E+08,,
16/08/2021 01:00,16/08/2021,"Demand Actual, NTS, D+1 (Energy)",1.54E+09,6.45E+07,2.66E+08,6.56E+08,3.99E+08,4.19E+08,,
15/08/2021 01:00,15/08/2021,"Demand Actual, NTS, D+1 (Energy)",1.39E+09,6.50E+07,1.40E+08,5.61E+08,3.73E+08,3.88E+08,,
14/08/2021 01:00,14/08/2021,"Demand Actual, NTS, D+1 (Energy)",1.40E+09,7.04E+07,1.77E+08,5.45E+08,4.18E+08,3.66E+08,,
13/08/2021 01:00,13/08/2021,"Demand Actual, NTS, D+1 (Energy)",1.46E+09,6.06E+07,2.72E+08,5.88E+08,2.41E+08,5.74E+08,,
12/08/2021 01:00,12/08/2021,"Demand Actual, NTS, D+1 (Energy)",1.46E+09,6.72E+07,2.32E+08,6.09E+08,3.58E+08,4.22E+08,,
11/08/2021 01:00,11/08/2021,"Demand Actual, NTS, D+1 (Energy)",1.50E+09,7.68E+07,1.37E+08,6.24E+08,4.65E+08,3.37E+08,,
10/08/2021 01:00,10/08/2021,"Demand Actual, NTS, D+1 (Energy)",1.41E+09,7.05E+07,1.35E+08,6.25E+08,5.88E+08,1.28E+08,,
09/08/2021 01:00,09/08/2021,"Demand Actual, NTS, D+1 (Energy)",1.34E+09,6.02E+07,1.28E+08,6.42E+08,5.15E+08,1.25E+08,,
08/08/2021 01:00,08/08/2021,"Demand Actual, NTS, D+1 (Energy)",1.38E+09,5.71E+07,6.75E+07,5.92E+08,2.69E+08,4.66E+08,,
07/08/2021 01:00,07/08/2021,"Demand Actual, NTS, D+1 (Energy)",1.42E+09,6.06E+07,8.95E+07,5.81E+08,3.13E+08,4.68E+08,,
06/08/2021 01:00,06/08/2021,"Demand Actual, NTS, D+1 (Energy)",1.41E+09,6.61E+07,1.07E+08,5.83E+08,3.28E+08,4.29E+08,,
05/08/2021 01:00,05/08/2021,"Demand Actual, NTS, D+1 (Energy)",1.48E+09,6.50E+07,1.23E+08,5.76E+08,3.34E+08,5.07E+08,,
04/08/2021 01:00,04/08/2021,"Demand Actual, NTS, D+1 (Energy)",1.27E+09,6.54E+07,1.35E+08,5.67E+08,5.36E+08,1.01E+08,,
03/08/2021 01:00,03/08/2021,"Demand Actual, NTS, D+1 (Energy)",1.40E+09,6.54E+07,1.46E+08,5.91E+08,6.32E+08,1.13E+08,,
02/08/2021 01:00,02/08/2021,"Demand Actual, NTS, D+1 (Energy)",1.38E+09,6.48E+07,1.45E+08,6.18E+08,6.37E+08,6.02E+07,,
01/08/2021 01:00,01/08/2021,"Demand Actual, NTS, D+1 (Energy)",1.44E+09,6.29E+07,1.16E+08,5.73E+08,5.24E+08,2.84E+08,,
31/07/2021 01:00,31/07/2021,"Demand Actual, NTS, D+1 (Energy)",1.53E+09,6.71E+07,1.44E+08,5.75E+08,4.68E+08,4.17E+08,,
30/07/2021 01:00,30/07/2021,"Demand Actual, NTS, D+1 (Energy)",1.56E+09,7.06E+07,1.29E+08,6.22E+08,5.44E+08,3.22E+08,,
29/07/2021 01:00,29/07/2021,"Demand Actual, NTS, D+1 (Energy)",1.43E+09,6.96E+07,1.63E+08,5.93E+08,3.83E+08,3.85E+08,,
28/07/2021 01:00,28/07/2021,"Demand Actual, NTS, D+1 (Energy)",1.28E+09,6.87E+07,1.51E+08,5.77E+08,3.95E+08,2.43E+08,,
27/07/2021 01:00,27/07/2021,"Demand Actual, NTS, D+1 (Energy)",1.30E+09,6.62E+07,1.58E+08,5.59E+08,6.39E+08,3.44E+07,,
26/07/2021 01:00,26/07/2021,"Demand Actual, NTS, D+1 (Energy)",1.27E+09,6.60E+07,1.89E+08,5.37E+08,6.25E+08,4.11E+07,,
25/07/2021 01:00,25/07/2021,"Demand Actual, NTS, D+1 (Energy)",1.25E+09,6.54E+07,1.52E+08,5.19E+08,5.84E+08,8.24E+07,,
24/07/2021 01:00,24/07/2021,"Demand Actual, NTS, D+1 (Energy)",1.19E+09,6.50E+07,1.67E+08,4.84E+08,5.58E+08,8.38E+07,,
23/07/2021 01:00,23/07/2021,"Demand Actual, NTS, D+1 (Energy)",1.26E+09,9.17E+07,1.80E+08,5.29E+08,5.93E+08,4.28E+07,,
22/07/2021 01:00,22/07/2021,"Demand Actual, NTS, D+1 (Energy)",1.37E+09,1.03E+08,1.85E+08,5.41E+08,6.77E+08,4.56E+07,,
21/07/2021 01:00,21/07/2021,"Demand Actual, NTS, D+1 (Energy)",1.37E+09,9.81E+07,1.86E+08,5.55E+08,6.74E+08,4.44E+07,,
20/07/2021 01:00,20/07/2021,"Demand Actual, NTS, D+1 (Energy)",1.30E+09,9.65E+07,2.58E+08,5.53E+08,6.03E+08,4.59E+07,,
19/07/2021 01:00,19/07/2021,"Demand Actual, NTS, D+1 (Energy)",1.35E+09,9.82E+07,2.31E+08,5.44E+08,6.03E+08,1.08E+08,,
18/07/2021 01:00,18/07/2021,"Demand Actual, NTS, D+1 (Energy)",1.34E+09,9.72E+07,2.64E+08,4.86E+08,4.71E+08,2.87E+08,,
17/07/2021 01:00,17/07/2021,"Demand Actual, NTS, D+1 (Energy)",1.20E+09,9.70E+07,2.67E+08,4.84E+08,3.65E+08,2.57E+08,,
16/07/2021 01:00,16/07/2021,"Demand Actual, NTS, D+1 (Energy)",1.30E+09,9.71E+07,2.78E+08,5.93E+08,4.32E+08,1.82E+08,,
15/07/2021 01:00,15/07/2021,"Demand Actual, NTS, D+1 (Energy)",1.33E+09,9.52E+07,2.05E+08,5.96E+08,4.67E+08,1.71E+08,,
14/07/2021 01:00,14/07/2021,"Demand Actual, NTS, D+1 (Energy)",1.28E+09,7.59E+07,1.94E+08,5.90E+08,4.14E+08,2.04E+08,,
13/07/2021 01:00,13/07/2021,"Demand Actual, NTS, D+1 (Energy)",1.26E+09,8.98E+07,3.31E+08,6.13E+08,5.40E+08,1.83E+07,,
12/07/2021 01:00,12/07/2021,"Demand Actual, NTS, D+1 (Energy)",1.41E+09,9.99E+07,3.08E+08,6.31E+08,6.50E+08,2.71E+07,,
11/07/2021 01:00,11/07/2021,"Demand Actual, NTS, D+1 (Energy)",1.53E+09,9.55E+07,1.71E+08,5.89E+08,4.99E+08,3.49E+08,,
10/07/2021 01:00,10/07/2021,"Demand Actual, NTS, D+1 (Energy)",1.38E+09,9.95E+07,2.90E+08,5.83E+08,5.54E+08,1.42E+08,,
09/07/2021 01:00,09/07/2021,"Demand Actual, NTS, D+1 (Energy)",1.38E+09,9.89E+07,2.52E+08,6.14E+08,6.45E+08,2.18E+07,,
08/07/2021 01:00,08/07/2021,"Demand Actual, NTS, D+1 (Energy)",1.42E+09,9.79E+07,2.99E+08,6.68E+08,6.38E+08,1.43E+07,,
07/07/2021 01:00,07/07/2021,"Demand Actual, NTS, D+1 (Energy)",1.31E+09,7.35E+07,2.83E+08,6.73E+08,5.24E+08,3.74E+07,,
06/07/2021 01:00,06/07/2021,"Demand Actual, NTS, D+1 (Energy)",1.26E+09,7.28E+07,2.88E+08,6.96E+08,3.82E+08,1.05E+08,,
05/07/2021 01:00,05/07/2021,"Demand Actual, NTS, D+1 (Energy)",1.41E+09,7.51E+07,1.93E+08,6.35E+08,4.91E+08,2.08E+08,,
04/07/2021 01:00,04/07/2021,"Demand Actual, NTS, D+1 (Energy)",1.43E+09,8.36E+07,1.20E+08,5.74E+08,4.00E+08,3.76E+08,,
03/07/2021 01:00,03/07/2021,"Demand Actual, NTS, D+1 (Energy)",1.33E+09,7.36E+07,1.38E+08,5.64E+08,4.38E+08,2.53E+08,,
02/07/2021 01:00,02/07/2021,"Demand Actual, NTS, D+1 (Energy)",1.28E+09,8.99E+07,1.38E+08,6.09E+08,5.72E+08,1.45E+07,,
01/07/2021 01:00,01/07/2021,"Demand Actual, NTS, D+1 (Energy)",1.35E+09,9.22E+07,1.48E+08,6.51E+08,5.91E+08,1.44E+07,,
30/06/2021 01:00,30/06/2021,"Demand Actual, NTS, D+1 (Energy)",1.39E+09,9.78E+07,1.47E+08,7.15E+08,5.71E+08,1.12E+07,,
29/06/2021 01:00,29/06/2021,"Demand Actual, NTS, D+1 (Energy)",1.54E+09,9.65E+07,1.27E+08,6.99E+08,6.06E+08,1.35E+08,,
28/06/2021 01:00,28/06/2021,"Demand Actual, NTS, D+1 (Energy)",1.56E+09,9.91E+07,1.29E+08,7.66E+08,6.45E+08,4.74E+07,,
27/06/2021 01:00,27/06/2021,"Demand Actual, NTS, D+1 (Energy)",1.27E+09,9.85E+07,1.07E+08,6.31E+08,4.32E+08,1.04E+08,,
26/06/2021 01:00,26/06/2021,"Demand Actual, NTS, D+1 (Energy)",1.21E+09,1.02E+08,1.31E+08,6.60E+08,4.41E+08,1.14E+07,,
25/06/2021 01:00,25/06/2021,"Demand Actual, NTS, D+1 (Energy)",1.27E+09,9.33E+07,1.20E+08,7.36E+08,4.37E+08,0.00E+00,,
24/06/2021 01:00,24/06/2021,"Demand Actual, NTS, D+1 (Energy)",1.28E+09,8.48E+07,1.19E+08,6.81E+08,5.09E+08,1.05E+07,,
23/06/2021 01:00,23/06/2021,"Demand Actual, NTS, D+1 (Energy)",1.44E+09,8.59E+07,1.53E+08,7.47E+08,6.09E+08,0.00E+00,,
22/06/2021 01:00,22/06/2021,"Demand Actual, NTS, D+1 (Energy)",1.40E+09,6.85E+07,1.53E+08,7.96E+08,5.38E+08,0.00E+00,,
21/06/2021 01:00,21/06/2021,"Demand Actual, NTS, D+1 (Energy)",1.41E+09,6.95E+07,1.26E+08,8.46E+08,4.87E+08,5.28E+06,,
20/06/2021 01:00,20/06/2021,"Demand Actual, NTS, D+1 (Energy)",1.26E+09,7.18E+07,1.31E+08,7.08E+08,4.72E+08,4.87E+06,,
19/06/2021 01:00,19/06/2021,"Demand Actual, NTS, D+1 (Energy)",1.20E+09,7.57E+07,1.35E+08,6.55E+08,4.47E+08,2.51E+07,,
18/06/2021 01:00,18/06/2021,"Demand Actual, NTS, D+1 (Energy)",1.29E+09,7.94E+07,1.57E+08,6.70E+08,5.11E+08,3.42E+07,,
17/06/2021 01:00,17/06/2021,"Demand Actual, NTS, D+1 (Energy)",1.35E+09,7.82E+07,1.87E+08,6.41E+08,5.96E+08,3.34E+07,,
16/06/2021 01:00,16/06/2021,"Demand Actual, NTS, D+1 (Energy)",1.25E+09,7.53E+07,1.56E+08,6.11E+08,5.34E+08,2.82E+07,,
15/06/2021 01:00,15/06/2021,"Demand Actual, NTS, D+1 (Energy)",1.16E+09,7.69E+07,2.16E+08,6.33E+08,4.18E+08,3.44E+07,,
14/06/2021 01:00,14/06/2021,"Demand Actual, NTS, D+1 (Energy)",1.17E+09,7.76E+07,1.52E+08,6.29E+08,4.12E+08,5.55E+07,,
13/06/2021 01:00,13/06/2021,"Demand Actual, NTS, D+1 (Energy)",1.02E+09,7.58E+07,1.37E+08,5.49E+08,2.76E+08,1.15E+08,,
12/06/2021 01:00,12/06/2021,"Demand Actual, NTS, D+1 (Energy)",1.06E+09,7.83E+07,1.45E+08,5.90E+08,3.20E+08,7.50E+07,,
11/06/2021 01:00,11/06/2021,"Demand Actual, NTS, D+1 (Energy)",1.27E+09,7.88E+07,2.41E+08,6.19E+08,3.18E+08,2.55E+08,,
10/06/2021 01:00,10/06/2021,"Demand Actual, NTS, D+1 (Energy)",1.21E+09,8.06E+07,2.74E+08,6.13E+08,3.78E+08,1.38E+08,,
09/06/2021 01:00,09/06/2021,"Demand Actual, NTS, D+1 (Energy)",1.20E+09,9.71E+07,2.68E+08,6.23E+08,3.72E+08,1.12E+08,,
08/06/2021 01:00,08/06/2021,"Demand Actual, NTS, D+1 (Energy)",1.48E+09,1.01E+08,2.77E+08,6.45E+08,4.43E+08,2.93E+08,,
07/06/2021 01:00,07/06/2021,"Demand Actual, NTS, D+1 (Energy)",1.65E+09,1.02E+08,1.69E+08,6.39E+08,5.37E+08,3.74E+08,,
06/06/2021 01:00,06/06/2021,"Demand Actual, NTS, D+1 (Energy)",1.47E+09,1.08E+08,1.87E+08,6.18E+08,5.00E+08,2.46E+08,,
05/06/2021 01:00,05/06/2021,"Demand Actual, NTS, D+1 (Energy)",1.43E+09,1.04E+08,1.73E+08,6.09E+08,4.21E+08,2.94E+08,,
04/06/2021 01:00,04/06/2021,"Demand Actual, NTS, D+1 (Energy)",1.49E+09,1.03E+08,1.61E+08,6.86E+08,5.33E+08,1.63E+08,,
03/06/2021 01:00,03/06/2021,"Demand Actual, NTS, D+1 (Energy)",1.35E+09,9.73E+07,1.29E+08,6.67E+08,4.93E+08,9.67E+07,,
02/06/2021 01:00,02/06/2021,"Demand Actual, NTS, D+1 (Energy)",1.53E+09,1.03E+08,1.47E+08,6.60E+08,4.25E+08,3.41E+08,,
01/06/2021 01:00,01/06/2021,"Demand Actual, NTS, D+1 (Energy)",1.52E+09,9.95E+07,1.46E+08,6.71E+08,4.34E+08,3.20E+08,,
31/05/2021 01:00,31/05/2021,"Demand Actual, NTS, D+1 (Energy)",1.39E+09,1.05E+08,1.30E+08,7.15E+08,3.32E+08,2.37E+08,,
30/05/2021 01:00,30/05/2021,"Demand Actual, NTS, D+1 (Energy)",1.37E+09,1.06E+08,1.30E+08,7.48E+08,3.79E+08,1.38E+08,,
29/05/2021 01:00,29/05/2021,"Demand Actual, NTS, D+1 (Energy)",1.40E+09,1.09E+08,1.44E+08,7.58E+08,5.34E+08,0.00E+00,,
28/05/2021 01:00,28/05/2021,"Demand Actual, NTS, D+1 (Energy)",1.72E+09,1.17E+08,0.00E+00,9.27E+08,6.70E+08,9.76E+06,,
27/05/2021 01:00,27/05/2021,"Demand Actual, NTS, D+1 (Energy)",1.78E+09,1.14E+08,1.55E+08,1.02E+09,6.40E+08,6.76E+06,,
26/05/2021 01:00,26/05/2021,"Demand Actual, NTS, D+1 (Energy)",2.03E+09,1.18E+08,1.59E+08,1.30E+09,6.07E+08,0.00E+00,,
25/05/2021 01:00,25/05/2021,"Demand Actual, NTS, D+1 (Energy)",2.10E+09,1.18E+08,1.47E+08,1.46E+09,5.25E+08,0.00E+00,,
24/05/2021 01:00,24/05/2021,"Demand Actual, NTS, D+1 (Energy)",1.97E+09,1.08E+08,1.34E+08,1.40E+09,4.63E+08,0.00E+00,,
23/05/2021 01:00,23/05/2021,"Demand Actual, NTS, D+1 (Energy)",1.87E+09,1.05E+08,1.47E+08,1.43E+09,2.78E+08,5.70E+07,,
22/05/2021 01:00,22/05/2021,"Demand Actual, NTS, D+1 (Energy)",1.98E+09,1.09E+08,1.43E+08,1.35E+09,4.97E+08,2.64E+07,,
21/05/2021 01:00,21/05/2021,"Demand Actual, NTS, D+1 (Energy)",1.93E+09,9.18E+07,1.32E+08,1.50E+09,3.36E+08,0.00E+00,,
20/05/2021 01:00,20/05/2021,"Demand Actual, NTS, D+1 (Energy)",1.94E+09,9.65E+07,1.30E+08,1.45E+09,3.87E+08,0.00E+00,,
19/05/2021 01:00,19/05/2021,"Demand Actual, NTS, D+1 (Energy)",2.01E+09,1.11E+08,1.46E+08,1.13E+09,7.26E+08,5.01E+07,,
18/05/2021 01:00,18/05/2021,"Demand Actual, NTS, D+1 (Energy)",2.20E+09,1.14E+08,1.77E+08,1.19E+09,7.34E+08,1.69E+08,,
17/05/2021 01:00,17/05/2021,"Demand Actual, NTS, D+1 (Energy)",2.32E+09,1.15E+08,1.78E+08,1.27E+09,7.22E+08,2.19E+08,,
16/05/2021 01:00,16/05/2021,"Demand Actual, NTS, D+1 (Energy)",2.11E+09,1.17E+08,1.39E+08,1.17E+09,6.21E+08,1.99E+08,,
15/05/2021 01:00,15/05/2021,"Demand Actual, NTS, D+1 (Energy)",2.14E+09,1.21E+08,1.46E+08,1.26E+09,6.42E+08,1.19E+08,,
14/05/2021 01:00,14/05/2021,"Demand Actual, NTS, D+1 (Energy)",2.26E+09,1.23E+08,1.54E+08,1.38E+09,7.53E+08,0.00E+00,,
13/05/2021 01:00,13/05/2021,"Demand Actual, NTS, D+1 (Energy)",2.14E+09,1.20E+08,1.47E+08,1.32E+09,7.02E+08,0.00E+00,,
12/05/2021 01:00,12/05/2021,"Demand Actual, NTS, D+1 (Energy)",2.01E+09,1.17E+08,1.55E+08,1.20E+09,6.72E+08,2.35E+07,,
11/05/2021 01:00,11/05/2021,"Demand Actual, NTS, D+1 (Energy)",1.97E+09,1.09E+08,1.20E+08,1.22E+09,5.97E+08,4.43E+07,,
10/05/2021 01:00,10/05/2021,"Demand Actual, NTS, D+1 (Energy)",1.76E+09,1.05E+08,1.26E+08,1.16E+09,3.74E+08,1.18E+08,,
09/05/2021 01:00,09/05/2021,"Demand Actual, NTS, D+1 (Energy)",1.71E+09,9.91E+07,1.08E+08,1.09E+09,2.93E+08,2.32E+08,,
08/05/2021 01:00,08/05/2021,"Demand Actual, NTS, D+1 (Energy)",1.95E+09,1.01E+08,1.19E+08,1.54E+09,2.94E+08,1.17E+07,,
07/05/2021 01:00,07/05/2021,"Demand Actual, NTS, D+1 (Energy)",2.33E+09,1.13E+08,1.50E+08,1.55E+09,6.64E+08,0.00E+00,,
06/05/2021 01:00,06/05/2021,"Demand Actual, NTS, D+1 (Energy)",2.61E+09,1.16E+08,1.46E+08,1.78E+09,7.14E+08,0.00E+00,,
05/05/2021 01:00,05/05/2021,"Demand Actual, NTS, D+1 (Energy)",2.56E+09,1.18E+08,1.63E+08,1.78E+09,6.65E+08,0.00E+00,,
04/05/2021 01:00,04/05/2021,"Demand Actual, NTS, D+1 (Energy)",2.28E+09,1.09E+08,1.34E+08,1.81E+09,3.64E+08,0.00E+00,,
03/05/2021 01:00,03/05/2021,"Demand Actual, NTS, D+1 (Energy)",2.33E+09,1.08E+08,1.12E+08,1.79E+09,3.27E+08,1.04E+08,,
02/05/2021 01:00,02/05/2021,"Demand Actual, NTS, D+1 (Energy)",2.35E+09,1.18E+08,1.40E+08,1.51E+09,6.57E+08,6.49E+07,,
01/05/2021 01:00,01/05/2021,"Demand Actual, NTS, D+1 (Energy)",2.45E+09,1.25E+08,1.62E+08,1.58E+09,7.39E+08,1.06E+07,,
30/04/2021 01:00,30/04/2021,"Demand Actual, NTS, D+1 (Energy)",2.66E+09,1.28E+08,1.91E+08,1.72E+09,8.07E+08,0.00E+00,,
29/04/2021 01:00,29/04/2021,"Demand Actual, NTS, D+1 (Energy)",2.67E+09,1.30E+08,1.83E+08,1.77E+09,7.67E+08,0.00E+00,,
28/04/2021 01:00,28/04/2021,"Demand Actual, NTS, D+1 (Energy)",2.50E+09,1.23E+08,1.74E+08,1.72E+09,6.53E+08,0.00E+00,,
27/04/2021 01:00,27/04/2021,"Demand Actual, NTS, D+1 (Energy)",2.33E+09,1.24E+08,1.43E+08,1.54E+09,6.66E+08,0.00E+00,,
26/04/2021 01:00,26/04/2021,"Demand Actual, NTS, D+1 (Energy)",2.31E+09,1.20E+08,1.50E+08,1.49E+09,6.94E+08,0.00E+00,,
25/04/2021 01:00,25/04/2021,"Demand Actual, NTS, D+1 (Energy)",1.95E+09,1.18E+08,1.29E+08,1.31E+09,4.53E+08,6.63E+07,,
24/04/2021 01:00,24/04/2021,"Demand Actual, NTS, D+1 (Energy)",2.06E+09,1.18E+08,1.33E+08,1.19E+09,4.87E+08,2.62E+08,,
23/04/2021 01:00,23/04/2021,"Demand Actual, NTS, D+1 (Energy)",2.28E+09,1.20E+08,1.52E+08,1.29E+09,6.69E+08,1.97E+08,,
22/04/2021 01:00,22/04/2021,"Demand Actual, NTS, D+1 (Energy)",2.36E+09,1.25E+08,1.56E+08,1.47E+09,7.35E+08,2.50E+07,,
21/04/2021 01:00,21/04/2021,"Demand Actual, NTS, D+1 (Energy)",2.37E+09,1.24E+08,1.64E+08,1.45E+09,7.22E+08,7.44E+07,,
20/04/2021 01:00,20/04/2021,"Demand Actual, NTS, D+1 (Energy)",2.40E+09,1.24E+08,1.78E+08,1.31E+09,8.13E+08,1.46E+08,,
19/04/2021 01:00,19/04/2021,"Demand Actual, NTS, D+1 (Energy)",2.37E+09,1.29E+08,1.86E+08,1.39E+09,8.51E+08,6.84E+06,,
18/04/2021 01:00,18/04/2021,"Demand Actual, NTS, D+1 (Energy)",2.28E+09,1.19E+08,1.61E+08,1.45E+09,6.92E+08,2.57E+07,,
17/04/2021 01:00,17/04/2021,"Demand Actual, NTS, D+1 (Energy)",2.35E+09,1.08E+08,1.14E+08,1.52E+09,6.54E+08,7.39E+07,,
16/04/2021 01:00,16/04/2021,"Demand Actual, NTS, D+1 (Energy)",2.66E+09,1.05E+08,1.60E+08,1.79E+09,7.66E+08,0.00E+00,,
15/04/2021 01:00,15/04/2021,"Demand Actual, NTS, D+1 (Energy)",2.81E+09,9.82E+07,1.74E+08,1.87E+09,8.41E+08,0.00E+00,,
14/04/2021 01:00,14/04/2021,"Demand Actual, NTS, D+1 (Energy)",2.81E+09,9.58E+07,1.96E+08,1.84E+09,8.71E+08,0.00E+00,,
13/04/2021 01:00,13/04/2021,"Demand Actual, NTS, D+1 (Energy)",2.97E+09,9.37E+07,2.10E+08,1.99E+09,8.86E+08,0.00E+00,,
12/04/2021 01:00,12/04/2021,"Demand Actual, NTS, D+1 (Energy)",3.13E+09,9.71E+07,2.15E+08,2.17E+09,8.69E+08,0.00E+00,,
11/04/2021 01:00,11/04/2021,"Demand Actual, NTS, D+1 (Energy)",2.77E+09,9.38E+07,1.82E+08,2.04E+09,6.39E+08,0.00E+00,,
10/04/2021 01:00,10/04/2021,"Demand Actual, NTS, D+1 (Energy)",2.77E+09,9.61E+07,1.82E+08,2.01E+09,6.64E+08,0.00E+00,,
09/04/2021 01:00,09/04/2021,"Demand Actual, NTS, D+1 (Energy)",2.71E+09,8.35E+07,2.00E+08,1.89E+09,7.37E+08,0.00E+00,,
08/04/2021 01:00,08/04/2021,"Demand Actual, NTS, D+1 (Energy)",2.60E+09,8.14E+07,1.78E+08,2.01E+09,5.11E+08,0.00E+00,,
07/04/2021 01:00,07/04/2021,"Demand Actual, NTS, D+1 (Energy)",3.29E+09,8.29E+07,2.01E+08,2.42E+09,7.80E+08,0.00E+00,,
06/04/2021 01:00,06/04/2021,"Demand Actual, NTS, D+1 (Energy)",2.79E+09,9.57E+07,1.82E+08,2.33E+09,3.60E+08,0.00E+00,,
05/04/2021 01:00,05/04/2021,"Demand Actual, NTS, D+1 (Energy)",2.30E+09,9.56E+07,1.42E+08,1.94E+09,2.20E+08,3.60E+07,,
04/04/2021 01:00,04/04/2021,"Demand Actual, NTS, D+1 (Energy)",2.27E+09,1.01E+08,1.30E+08,1.55E+09,2.48E+08,3.73E+08,,
03/04/2021 01:00,03/04/2021,"Demand Actual, NTS, D+1 (Energy)",2.35E+09,1.16E+08,1.83E+08,1.72E+09,5.19E+08,0.00E+00,,
02/04/2021 01:00,02/04/2021,"Demand Actual, NTS, D+1 (Energy)",2.30E+09,1.15E+08,1.81E+08,1.73E+09,4.57E+08,0.00E+00,,
01/04/2021 01:00,01/04/2021,"Demand Actual, NTS, D+1 (Energy)",2.18E+09,1.14E+08,1.77E+08,1.57E+09,4.95E+08,1.39E+05,,
31/03/2021 01:00,31/03/2021,"Demand Actual, NTS, D+1 (Energy)",2.39E+09,1.12E+08,1.83E+08,1.15E+09,5.67E+08,5.66E+08,,
30/03/2021 01:00,30/03/2021,"Demand Actual, NTS, D+1 (Energy)",2.32E+09,1.14E+08,1.52E+08,1.18E+09,4.98E+08,5.22E+08,,
29/03/2021 01:00,29/03/2021,"Demand Actual, NTS, D+1 (Energy)",2.29E+09,1.05E+08,1.17E+08,1.39E+09,2.39E+08,5.50E+08,,
28/03/2021 00:00,28/03/2021,"Demand Actual, NTS, D+1 (Energy)",2.27E+09,9.52E+07,1.08E+08,1.69E+09,1.63E+08,3.24E+08,,
27/03/2021 00:00,27/03/2021,"Demand Actual, NTS, D+1 (Energy)",2.45E+09,9.97E+07,1.24E+08,1.84E+09,1.97E+08,3.20E+08,,
26/03/2021 00:00,26/03/2021,"Demand Actual, NTS, D+1 (Energy)",2.61E+09,1.14E+08,1.64E+08,1.88E+09,2.78E+08,3.38E+08,,
25/03/2021 00:00,25/03/2021,"Demand Actual, NTS, D+1 (Energy)",2.56E+09,1.15E+08,1.66E+08,1.73E+09,3.16E+08,3.98E+08,,
24/03/2021 00:00,24/03/2021,"Demand Actual, NTS, D+1 (Energy)",2.52E+09,1.14E+08,1.74E+08,1.78E+09,4.71E+08,1.52E+08,,
23/03/2021 00:00,23/03/2021,"Demand Actual, NTS, D+1 (Energy)",2.75E+09,1.13E+08,1.66E+08,1.88E+09,4.52E+08,3.05E+08,,
22/03/2021 00:00,22/03/2021,"Demand Actual, NTS, D+1 (Energy)",2.69E+09,1.15E+08,1.92E+08,1.84E+09,7.23E+08,8.69E+06,,
21/03/2021 00:00,21/03/2021,"Demand Actual, NTS, D+1 (Energy)",2.49E+09,1.18E+08,1.80E+08,1.75E+09,6.19E+08,0.00E+00,,
20/03/2021 00:00,20/03/2021,"Demand Actual, NTS, D+1 (Energy)",2.79E+09,1.18E+08,1.77E+08,1.81E+09,5.84E+08,2.69E+08,,
19/03/2021 00:00,19/03/2021,"Demand Actual, NTS, D+1 (Energy)",2.83E+09,1.22E+08,2.01E+08,1.92E+09,7.89E+08,2.48E+06,,
18/03/2021 00:00,18/03/2021,"Demand Actual, NTS, D+1 (Energy)",2.81E+09,1.17E+08,1.89E+08,2.00E+09,6.92E+08,0.00E+00,,
17/03/2021 00:00,17/03/2021,"Demand Actual, NTS, D+1 (Energy)",2.82E+09,1.17E+08,1.83E+08,2.03E+09,6.73E+08,0.00E+00,,
16/03/2021 00:00,16/03/2021,"Demand Actual, NTS, D+1 (Energy)",2.68E+09,1.17E+08,1.92E+08,1.83E+09,5.02E+08,2.38E+08,,
15/03/2021 00:00,15/03/2021,"Demand Actual, NTS, D+1 (Energy)",2.92E+09,1.10E+08,2.00E+08,1.97E+09,6.99E+08,1.35E+08,,
14/03/2021 00:00,14/03/2021,"Demand Actual, NTS, D+1 (Energy)",2.67E+09,1.09E+08,1.34E+08,2.11E+09,2.82E+08,1.67E+08,,
13/03/2021 00:00,13/03/2021,"Demand Actual, NTS, D+1 (Energy)",2.68E+09,1.09E+08,1.45E+08,2.16E+09,2.47E+08,1.61E+08,,
12/03/2021 00:00,12/03/2021,"Demand Actual, NTS, D+1 (Energy)",2.83E+09,1.10E+08,1.85E+08,2.22E+09,2.92E+08,2.14E+08,,
11/03/2021 00:00,11/03/2021,"Demand Actual, NTS, D+1 (Energy)",2.79E+09,1.09E+08,1.62E+08,2.14E+09,3.08E+08,2.32E+08,,
10/03/2021 00:00,10/03/2021,"Demand Actual, NTS, D+1 (Energy)",2.86E+09,1.05E+08,1.61E+08,2.28E+09,4.16E+08,5.70E+07,,
09/03/2021 00:00,09/03/2021,"Demand Actual, NTS, D+1 (Energy)",2.91E+09,1.03E+08,1.76E+08,2.13E+09,6.22E+08,6.35E+07,,
08/03/2021 00:00,08/03/2021,"Demand Actual, NTS, D+1 (Energy)",3.24E+09,1.12E+08,2.04E+08,2.35E+09,7.80E+08,0.00E+00,,
07/03/2021 00:00,07/03/2021,"Demand Actual, NTS, D+1 (Energy)",3.22E+09,1.13E+08,1.97E+08,2.33E+09,7.73E+08,0.00E+00,,
06/03/2021 00:00,06/03/2021,"Demand Actual, NTS, D+1 (Energy)",3.34E+09,1.14E+08,2.05E+08,2.41E+09,8.16E+08,0.00E+00,,
05/03/2021 00:00,05/03/2021,"Demand Actual, NTS, D+1 (Energy)",3.55E+09,1.20E+08,2.32E+08,2.55E+09,8.77E+08,6.60E+01,,
04/03/2021 00:00,04/03/2021,"Demand Actual, NTS, D+1 (Energy)",3.49E+09,1.26E+08,2.27E+08,2.52E+09,8.42E+08,0.00E+00,,
03/03/2021 00:00,03/03/2021,"Demand Actual, NTS, D+1 (Energy)",3.53E+09,1.36E+08,2.19E+08,2.51E+09,8.76E+08,0.00E+00,,
02/03/2021 00:00,02/03/2021,"Demand Actual, NTS, D+1 (Energy)",3.46E+09,1.34E+08,2.13E+08,2.41E+09,9.10E+08,0.00E+00,,
01/03/2021 00:00,01/03/2021,"Demand Actual, NTS, D+1 (Energy)",3.30E+09,1.30E+08,1.79E+08,2.29E+09,8.83E+08,0.00E+00,,
28/02/2021 00:00,28/02/2021,"Demand Actual, NTS, D+1 (Energy)",2.92E+09,1.32E+08,1.73E+08,2.00E+09,7.62E+08,2.95E+07,,
27/02/2021 00:00,27/02/2021,"Demand Actual, NTS, D+1 (Energy)",2.78E+09,1.30E+08,1.81E+08,1.89E+09,7.28E+08,2.95E+07,,
26/02/2021 00:00,26/02/2021,"Demand Actual, NTS, D+1 (Energy)",2.81E+09,1.19E+08,1.91E+08,2.01E+09,6.83E+08,0.00E+00,,
25/02/2021 00:00,25/02/2021,"Demand Actual, NTS, D+1 (Energy)",2.59E+09,1.22E+08,1.95E+08,1.84E+09,5.83E+08,4.10E+07,,
24/02/2021 00:00,24/02/2021,"Demand Actual, NTS, D+1 (Energy)",2.33E+09,1.12E+08,1.54E+08,1.68E+09,3.68E+08,1.70E+08,,
23/02/2021 00:00,23/02/2021,"Demand Actual, NTS, D+1 (Energy)",2.40E+09,1.12E+08,1.44E+08,1.92E+09,3.37E+08,3.18E+07,,
22/02/2021 00:00,22/02/2021,"Demand Actual, NTS, D+1 (Energy)",2.63E+09,1.22E+08,1.45E+08,1.90E+09,6.10E+08,1.21E+06,,
21/02/2021 00:00,21/02/2021,"Demand Actual, NTS, D+1 (Energy)",2.48E+09,1.22E+08,1.26E+08,1.68E+09,5.25E+08,1.54E+08,,
20/02/2021 00:00,20/02/2021,"Demand Actual, NTS, D+1 (Energy)",2.41E+09,1.06E+08,1.13E+08,1.74E+09,2.76E+08,2.87E+08,,
19/02/2021 00:00,19/02/2021,"Demand Actual, NTS, D+1 (Energy)",2.67E+09,1.08E+08,1.48E+08,2.23E+09,3.38E+08,0.00E+00,,
18/02/2021 00:00,18/02/2021,"Demand Actual, NTS, D+1 (Energy)",2.65E+09,1.05E+08,1.58E+08,2.17E+09,3.74E+08,0.00E+00,,
17/02/2021 00:00,17/02/2021,"Demand Actual, NTS, D+1 (Energy)",2.61E+09,1.03E+08,1.64E+08,2.11E+09,3.83E+08,1.00E+07,,
16/02/2021 00:00,16/02/2021,"Demand Actual, NTS, D+1 (Energy)",2.70E+09,1.05E+08,1.41E+08,2.13E+09,4.31E+08,3.54E+07,,
15/02/2021 00:00,15/02/2021,"Demand Actual, NTS, D+1 (Energy)",2.98E+09,1.22E+08,1.49E+08,2.33E+09,5.25E+08,0.00E+00,,
14/02/2021 00:00,14/02/2021,"Demand Actual, NTS, D+1 (Energy)",3.41E+09,1.20E+08,1.51E+08,2.97E+09,3.22E+08,0.00E+00,,
13/02/2021 00:00,13/02/2021,"Demand Actual, NTS, D+1 (Energy)",3.78E+09,1.18E+08,1.79E+08,3.31E+09,3.52E+08,0.00E+00,,
12/02/2021 00:00,12/02/2021,"Demand Actual, NTS, D+1 (Energy)",4.02E+09,1.19E+08,1.94E+08,3.36E+09,5.40E+08,0.00E+00,,
11/02/2021 00:00,11/02/2021,"Demand Actual, NTS, D+1 (Energy)",4.20E+09,1.29E+08,2.17E+08,3.34E+09,7.28E+08,0.00E+00,,
10/02/2021 00:00,10/02/2021,"Demand Actual, NTS, D+1 (Energy)",4.27E+09,1.40E+08,2.48E+08,3.29E+09,8.42E+08,0.00E+00,,
09/02/2021 00:00,09/02/2021,"Demand Actual, NTS, D+1 (Energy)",4.10E+09,1.33E+08,2.29E+08,3.28E+09,6.87E+08,0.00E+00,,
08/02/2021 00:00,08/02/2021,"Demand Actual, NTS, D+1 (Energy)",4.08E+09,1.31E+08,2.14E+08,3.29E+09,6.50E+08,0.00E+00,,
07/02/2021 00:00,07/02/2021,"Demand Actual, NTS, D+1 (Energy)",3.37E+09,1.17E+08,1.60E+08,2.88E+09,3.58E+08,1.47E+07,,
06/02/2021 00:00,06/02/2021,"Demand Actual, NTS, D+1 (Energy)",2.99E+09,1.06E+08,2.03E+08,2.36E+09,4.23E+08,9.76E+07,,
05/02/2021 00:00,05/02/2021,"Demand Actual, NTS, D+1 (Energy)",2.98E+09,1.07E+08,2.11E+08,2.24E+09,6.32E+08,5.60E+05,,
04/02/2021 00:00,04/02/2021,"Demand Actual, NTS, D+1 (Energy)",3.17E+09,1.08E+08,2.04E+08,2.41E+09,6.54E+08,0.00E+00,,
03/02/2021 00:00,03/02/2021,"Demand Actual, NTS, D+1 (Energy)",3.09E+09,1.06E+08,2.04E+08,2.33E+09,5.86E+08,6.94E+07,,
02/02/2021 00:00,02/02/2021,"Demand Actual, NTS, D+1 (Energy)",3.09E+09,1.08E+08,1.90E+08,2.46E+09,5.25E+08,0.00E+00,,
01/02/2021 00:00,01/02/2021,"Demand Actual, NTS, D+1 (Energy)",3.73E+09,1.27E+08,1.96E+08,2.78E+09,8.15E+08,0.00E+00,,
31/01/2021 00:00,31/01/2021,"Demand Actual, NTS, D+1 (Energy)",3.53E+09,1.29E+08,1.68E+08,2.71E+09,6.35E+08,6.06E+07,,
30/01/2021 00:00,30/01/2021,"Demand Actual, NTS, D+1 (Energy)",3.37E+09,1.26E+08,1.56E+08,2.50E+09,4.86E+08,2.57E+08,,
29/01/2021 00:00,29/01/2021,"Demand Actual, NTS, D+1 (Energy)",3.16E+09,1.20E+08,1.77E+08,2.13E+09,5.50E+08,3.51E+08,,
28/01/2021 00:00,28/01/2021,"Demand Actual, NTS, D+1 (Energy)",3.06E+09,1.17E+08,1.77E+08,2.16E+09,5.43E+08,2.32E+08,,
27/01/2021 00:00,27/01/2021,"Demand Actual, NTS, D+1 (Energy)",3.31E+09,1.17E+08,2.07E+08,2.37E+09,7.62E+08,5.94E+07,,
26/01/2021 00:00,26/01/2021,"Demand Actual, NTS, D+1 (Energy)",3.81E+09,1.16E+08,2.26E+08,2.92E+09,7.81E+08,0.00E+00,,
25/01/2021 00:00,25/01/2021,"Demand Actual, NTS, D+1 (Energy)",3.79E+09,1.06E+08,2.35E+08,2.98E+09,7.02E+08,0.00E+00,,
24/01/2021 00:00,24/01/2021,"Demand Actual, NTS, D+1 (Energy)",3.72E+09,9.55E+07,2.42E+08,2.91E+09,7.18E+08,0.00E+00,,
23/01/2021 00:00,23/01/2021,"Demand Actual, NTS, D+1 (Energy)",3.60E+09,9.46E+07,2.43E+08,2.73E+09,7.66E+08,1.49E+07,,
22/01/2021 00:00,22/01/2021,"Demand Actual, NTS, D+1 (Energy)",3.44E+09,9.44E+07,2.39E+08,2.62E+09,7.27E+08,0.00E+00,,
21/01/2021 00:00,21/01/2021,"Demand Actual, NTS, D+1 (Energy)",3.10E+09,8.91E+07,2.22E+08,2.55E+09,4.64E+08,0.00E+00,,
20/01/2021 00:00,20/01/2021,"Demand Actual, NTS, D+1 (Energy)",3.06E+09,1.05E+08,2.38E+08,2.23E+09,6.16E+08,1.10E+08,,
19/01/2021 00:00,19/01/2021,"Demand Actual, NTS, D+1 (Energy)",3.32E+09,1.07E+08,2.37E+08,2.20E+09,5.92E+08,4.18E+08,,
18/01/2021 00:00,18/01/2021,"Demand Actual, NTS, D+1 (Energy)",3.43E+09,1.11E+08,2.18E+08,2.55E+09,6.32E+08,1.38E+08,,
17/01/2021 00:00,17/01/2021,"Demand Actual, NTS, D+1 (Energy)",3.48E+09,1.08E+08,1.79E+08,2.40E+09,4.60E+08,5.12E+08,,
16/01/2021 00:00,16/01/2021,"Demand Actual, NTS, D+1 (Energy)",3.51E+09,1.05E+08,1.38E+08,2.52E+09,3.91E+08,4.90E+08,,
15/01/2021 00:00,15/01/2021,"Demand Actual, NTS, D+1 (Energy)",3.76E+09,1.11E+08,1.69E+08,2.92E+09,7.32E+08,0.00E+00,,
14/01/2021 00:00,14/01/2021,"Demand Actual, NTS, D+1 (Energy)",3.66E+09,1.08E+08,2.18E+08,2.68E+09,8.05E+08,7.41E+07,,
13/01/2021 00:00,13/01/2021,"Demand Actual, NTS, D+1 (Energy)",3.64E+09,1.17E+08,2.19E+08,2.64E+09,8.03E+08,7.16E+07,,
12/01/2021 00:00,12/01/2021,"Demand Actual, NTS, D+1 (Energy)",3.58E+09,1.21E+08,2.26E+08,2.53E+09,7.77E+08,1.50E+08,,
11/01/2021 00:00,11/01/2021,"Demand Actual, NTS, D+1 (Energy)",3.39E+09,1.10E+08,1.68E+08,2.57E+09,5.65E+08,1.52E+08,,
10/01/2021 00:00,10/01/2021,"Demand Actual, NTS, D+1 (Energy)",3.59E+09,1.01E+08,1.86E+08,2.76E+09,6.43E+08,8.01E+07,,
09/01/2021 00:00,09/01/2021,"Demand Actual, NTS, D+1 (Energy)",3.75E+09,1.25E+08,2.37E+08,2.88E+09,7.36E+08,0.00E+00,,
08/01/2021 00:00,08/01/2021,"Demand Actual, NTS, D+1 (Energy)",4.16E+09,1.33E+08,1.91E+08,3.10E+09,9.21E+08,0.00E+00,,
07/01/2021 00:00,07/01/2021,"Demand Actual, NTS, D+1 (Energy)",4.15E+09,1.33E+08,2.77E+08,3.11E+09,9.12E+08,0.00E+00,,
06/01/2021 00:00,06/01/2021,"Demand Actual, NTS, D+1 (Energy)",3.96E+09,1.36E+08,2.75E+08,2.94E+09,8.77E+08,0.00E+00,,
05/01/2021 00:00,05/01/2021,"Demand Actual, NTS, D+1 (Energy)",3.82E+09,1.30E+08,2.37E+08,2.90E+09,7.83E+08,0.00E+00,,
04/01/2021 00:00,04/01/2021,"Demand Actual, NTS, D+1 (Energy)",3.72E+09,1.25E+08,2.29E+08,2.89E+09,7.05E+08,0.00E+00,,
03/01/2021 00:00,03/01/2021,"Demand Actual, NTS, D+1 (Energy)",3.32E+09,1.23E+08,2.16E+08,2.64E+09,5.55E+08,0.00E+00,,
02/01/2021 00:00,02/01/2021,"Demand Actual, NTS, D+1 (Energy)",3.46E+09,1.25E+08,1.96E+08,2.67E+09,6.66E+08,0.00E+00,,
01/01/2021 00:00,01/01/2021,"Demand Actual, NTS, D+1 (Energy)",3.40E+09,1.24E+08,1.91E+08,2.67E+09,6.09E+08,6.33E+04,,
